# frame timestamp, TTL timestamp
5349971554,5350003530
5350004870,5350034519
5350038186,5350067730
5350071502,5350100934
5350104818,5350134427
5350138134,5350169046
5350171450,5350200861
5350204766,5350234033
5350238082,5350267365
5350271397,5350300773
5350304714,5350337309
5350338029,5350367497
5350371345,5350400645
5350404661,5350434734
5350437977,5350467273
5350471293,5350502177
5350504609,5350535559
5350537925,5350567348
5350571241,5350600725
5350604557,5350634114
5350637873,5350668774
5350671189,5350700540
5350704505,5350733749
5350737841,5350767149
5350771136,5350800559
5350804452,5350835347
5350837769,5350867098
5350871084,5350900388
5350904400,5350933852
5350937716,5350967014
5350971032,5351001973
5351004348,5351033826
5351037664,5351067039
5351070980,5351100394
5351104296,5351133541
5351137612,5351168756
5351170928,5351200421
5351204244,5351233666
5351237560,5351267083
5351270876,5351300475
5351304191,5351335122
5351337507,5351366988
5351370823,5351400358
5351404139,5351433511
5351437455,5351466987
5351470771,5351501788
5351504087,5351533496
5351537403,5351566812
5351570719,5351600119
5351604035,5351633156
5351637351,5351668366
5351670667,5351700037
5351703983,5351733185
5351737299,5351766703
5351770615,5351801697
5351803930,5351834869
5351837247,5351866844
5351870562,5351900010
5351903878,5351933110
5351937194,5351966512
5351970510,5352002464
5352003826,5352033290
5352037142,5352066688
5352070458,5352099900
5352103774,5352133215
5352137090,5352168466
5352170405,5352200051
5352203722,5352233194
5352237037,5352266570
5352270354,5352299939
5352303669,5352334505
5352336985,5352366372
5352370301,5352399736
5352403617,5352432967
5352436933,5352467562
5352470249,5352501163
5352503565,5352532836
5352536881,5352567249
5352570197,5352599611
5352603513,5352632675
5352636829,5352669269
5352670145,5352699691
5352703461,5352732836
5352736776,5352767670
5352770093,5352799594
5352803408,5352834065
5352836724,5352866275
5352870040,5352899659
5352903356,5352932819
5352936672,5352966108
5352969988,5353000921
5353003304,5353032592
5353036620,5353066083
5353069936,5353099404
5353103252,5353132601
5353136568,5353167427
5353169884,5353199331
5353203200,5353232710
5353236515,5353266049
5353269831,5353299324
5353303147,5353334269
5353336464,5353365868
5353369779,5353399413
5353403095,5353432543
5353436411,5353465803
5353469727,5353500850
5353503043,5353532518
5353536359,5353565969
5353569675,5353599446
5353602991,5353632795
5353636307,5353667603
5353669623,5353699312
5353702939,5353732502
5353736254,5353765790
5353769570,5353799206
5353802886,5353834148
5353836202,5353865760
5353869518,5353899218
5353902834,5353932439
5353936150,5353965672
5353969466,5354001411
5354002782,5354032439
5354036098,5354065644
5354069414,5354099001
5354102730,5354132348
5354136045,5354167136
5354169361,5354198889
5354202677,5354232235
5354235993,5354265602
5354269309,5354298956
5354302625,5354333950
5354335941,5354365679
5354369257,5354399058
5354402573,5354432359
5354435889,5354465542
5354469205,5354501490
5354502521,5354532216
5354535837,5354565526
5354569153,5354599837
5354602468,5354632342
5354635785,5354667007
5354669101,5354700126
5354702416,5354732007
5354735732,5354765366
5354769048,5354798590
5354802364,5354833447
5354835680,5354865120
5354868996,5354898516
5354902312,5354931884
5354935628,5354965030
5354968944,5355001607
5355002260,5355031872
5355035576,5355065090
5355068892,5355098472
5355102208,5355131831
5355135523,5355166642
5355168840,5355198515
5355202155,5355231758
5355235471,5355264826
5355268787,5355298229
5355302103,5355333159
5355335419,5355364790
5355368735,5355398266
5355402051,5355431459
5355435367,5355464858
5355468683,5355499649
5355501999,5355531514
5355535315,5355564741
5355568630,5355597913
5355601947,5355631475
5355635262,5355666212
5355668578,5355698062
5355701894,5355731285
5355735210,5355764628
5355768526,5355797830
5355801842,5355832845
5355835158,5355864594
5355868474,5355898000
5355901790,5355931266
5355935105,5355964527
5355968422,5356000243
5356001738,5356031098
5356035054,5356064563
5356068369,5356097670
5356101685,5356131152
5356135001,5356165897
5356168317,5356197637
5356201633,5356231132
5356234949,5356264173
5356268265,5356297641
5356301597,5356332358
5356334897,5356364153
5356368213,5356397522
5356401529,5356430884
5356434844,5356464191
5356468161,5356499057
5356501476,5356530767
5356534792,5356564230
5356568108,5356597484
5356601424,5356631257
5356634740,5356665596
5356668056,5356697263
5356701372,5356732309
5356734688,5356764082
5356768004,5356797331
5356801320,5356833664
5356834636,5356863880
5356867951,5356897388
5356901268,5356930665
5356934584,5356963921
5356967899,5356998685
5357001215,5357030586
5357034532,5357063754
5357067847,5357097266
5357101163,5357130523
5357134479,5357165244
5357167795,5357197204
5357201111,5357230457
5357234427,5357263862
5357267743,5357297004
5357301059,5357331863
5357334375,5357363575
5357367690,5357396896
5357401007,5357430341
5357434322,5357463632
5357467638,5357498527
5357500954,5357530254
5357534270,5357563672
5357567586,5357596952
5357600902,5357630380
5357634218,5357664884
5357667534,5357696674
5357700850,5357730208
5357734166,5357763314
5357767482,5357796838
5357800797,5357831577
5357834114,5357863344
5357867447,5357896703
5357900745,5357930107
5357934061,5357963360
5357967377,5357999231
5358000695,5358030161
5358034009,5358063481
5358067325,5358096729
5358100641,5358130140
5358133957,5358164831
5358167273,5358196604
5358200589,5358229983
5358233905,5358263479
5358267221,5358296446
5358300536,5358331449
5358333853,5358363205
5358367168,5358396492
5358400484,5358429860
5358433800,5358462991
5358467116,5358497972
5358500433,5358529798
5358533748,5358563100
5358567064,5358596238
5358600380,5358629792
5358633696,5358665559
5358667012,5358696577
5358700328,5358729636
5358733643,5358763864
5358766959,5358796127
5358800275,5358831197
5358833592,5358864424
5358866907,5358896069
5358900223,5358929627
5358933539,5358963103
5358966855,5358998049
5359000171,5359029527
5359033487,5359062873
5359066803,5359096026
5359100119,5359129522
5359133435,5359164334
5359166751,5359196227
5359200067,5359229497
5359233382,5359262773
5359266699,5359295999
5359300014,5359331004
5359333330,5359362780
5359366646,5359395845
5359399962,5359429403
5359433278,5359462468
5359466594,5359497449
5359499910,5359529344
5359533226,5359562559
5359566542,5359595913
5359599858,5359629335
5359633174,5359664065
5359666489,5359695942
5359699805,5359729161
5359733121,5359762455
5359766437,5359795688
5359799753,5359831002
5359833069,5359862578
5359866385,5359895802
5359899701,5359929261
5359933017,5359962464
5359966333,5359998240
5359999649,5360029222
5360032965,5360062414
5360066281,5360095735
5360099596,5360128986
5360132913,5360163773
5360166229,5360195518
5360199545,5360229077
5360232860,5360262342
5360266176,5360295441
5360299492,5360330544
5360332808,5360362243
5360366124,5360395603
5360399440,5360428851
5360432756,5360462261
5360466072,5360496781
5360499388,5360528939
5360532703,5360562198
5360566019,5360595378
5360599335,5360628793
5360632651,5360663222
5360665967,5360695424
5360699283,5360728733
5360732599,5360762041
5360765915,5360796656
5360799231,5360830013
5360832547,5360861958
5360865863,5360896258
5360899179,5360928632
5360932495,5360961818
5360965811,5360998207
5360999127,5361028493
5361032443,5361061667
5361065758,5361095153
5361099074,5361128555
5361132390,5361163230
5361165706,5361195125
5361199022,5361228372
5361232338,5361261812
5361265654,5361294867
5361298970,5361329846
5361332286,5361361631
5361365602,5361394786
5361398918,5361428183
5361432233,5361461523
5361465550,5361496453
5361498865,5361528207
5361532182,5361561597
5361565498,5361594867
5361598813,5361628284
5361632129,5361662946
5361665446,5361694844
5361698761,5361728167
5361732077,5361761469
5361765393,5361794770
5361798709,5361829578
5361832025,5361862794
5361865353,5361894470
5361898657,5361928067
5361931972,5361961567
5361965289,5361997081
5361998604,5362027901
5362031920,5362061263
5362065237,5362096749
5362098553,5362130164
5362131868,5362165464
5362165186,5362194546
5362198500,5362227879
5362231816,5362261234
5362265132,5362294376
5362298448,5362329379
5362331764,5362361185
5362365080,5362394310
5362398396,5362427622
5362431711,5362461194
5362465028,5362495700
5362498343,5362527699
5362531659,5362560986
5362564975,5362594137
5362598291,5362627580
5362631607,5362662440
5362664923,5362694253
5362698239,5362729262
5362731555,5362760894
5362764871,5362794053
5362798187,5362829787
5362831503,5362860783
5362864818,5362894147
5362898135,5362928943
5362931450,5362960836
5362964766,5362995597
5362998082,5363027615
5363031398,5363060715
5363064714,5363093855
5363098030,5363127417
5363131346,5363162237
5363164662,5363194114
5363197978,5363227320
5363231294,5363260587
5363264610,5363293800
5363297925,5363328914
5363331242,5363360569
5363364557,5363393857
5363397873,5363427232
5363431208,5363460491
5363464505,5363495315
5363497821,5363527224
5363531137,5363560388
5363564453,5363593535
5363597769,5363626864
5363631085,5363661944
5363664401,5363693803
5363697717,5363727061
5363731033,5363760366
5363764349,5363793509
5363797664,5363828428
5363830981,5363860363
5363864296,5363893652
5363897612,5363926876
5363930929,5363960267
5363964244,5363996044
5363997560,5364026916
5364030876,5364060347
5364064192,5364093626
5364097508,5364126806
5364130824,5364161734
5364164139,5364193372
5364197456,5364226657
5364230771,5364260129
5364264087,5364293383
5364297403,5364328231
5364330719,5364360346
5364364035,5364393775
5364397351,5364427094
5364430667,5364460434
5364463983,5364495312
5364497299,5364526902
5364530615,5364560376
5364563931,5364593544
5364597247,5364626626
5364630563,5364661646
5364663878,5364693386
5364697194,5364726650
5364730510,5364760222
5364763826,5364793373
5364797142,5364828093
5364830458,5364861056
5364863774,5364893179
5364897090,5364926676
5364930406,5364960996
5364963722,5364994645
5364997038,5365026523
5365030354,5365059918
5365063670,5365093208
5365096985,5365126433
5365130301,5365161335
5365163617,5365193007
5365196933,5365226338
5365230249,5365259857
5365263565,5365293046
5365296881,5365327899
5365330197,5365359731
5365363513,5365392922
5365396829,5365426273
5365430145,5365459677
5365463461,5365494403
5365496777,5365526210
5365530092,5365559556
5365563408,5365592879
5365596725,5365626241
5365630040,5365660977
5365663356,5365692634
5365696672,5365726235
5365729988,5365759456
5365763304,5365792869
5365796620,5365827628
5365829936,5365859291
5365863252,5365892682
5365896568,5365926033
5365929884,5365959374
5365963199,5365995050
5365996516,5366026034
5366029832,5366059374
5366063147,5366092498
5366096464,5366125946
5366129779,5366160744
5366163095,5366192460
5366196411,5366225631
5366229727,5366259161
5366263043,5366292491
5366296359,5366327537
5366329675,5366359056
5366362991,5366392313
5366396307,5366425760
5366429622,5366459027
5366462939,5366495202
5366496254,5366525573
5366529570,5366558898
5366562886,5366592185
5366596202,5366625482
5366629518,5366660490
5366662834,5366692299
5366696150,5366725558
5366729466,5366758716
5366762782,5366792215
5366796098,5366826995
5366829414,5366858769
5366862729,5366892490
5366896046,5366925392
5366929361,5366958607
5366962677,5366995163
5366995993,5367025430
5367029309,5367058679
5367062625,5367091957
5367095941,5367125231
5367129257,5367160320
5367162573,5367192016
5367195889,5367225352
5367229205,5367258595
5367262521,5367291754
5367295836,5367326769
5367329153,5367358560
5367362468,5367391781
5367395784,5367425161
5367429100,5367458534
5367462416,5367493345
5367495732,5367525178
5367529048,5367558447
5367562364,5367591743
5367595681,5367625095
5367628996,5367659944
5367662312,5367691734
5367695628,5367724941
5367728944,5367758277
5367762260,5367791492
5367795575,5367826440
5367828892,5367858111
5367862207,5367891355
5367895523,5367924910
5367928839,5367958226
5367962155,5367994044
5367995471,5368025150
5368028787,5368058307
5368062103,5368091556
5368095419,5368124852
5368128735,5368159644
5368162051,5368191321
5368195367,5368224836
5368228682,5368258093
5368261999,5368291451
5368295314,5368326418
5368328630,5368357957
5368361946,5368391418
5368395262,5368424654
5368428578,5368457949
5368461894,5368492715
5368495210,5368524476
5368528526,5368557793
5368561842,5368591083
5368595158,5368624317
5368628474,5368659226
5368661789,5368691221
5368695106,5368724504
5368728421,5368757838
5368761738,5368791063
5368795053,5368826935
5368828369,5368857803
5368861685,5368891079
5368895001,5368925479
5368928317,5368957670
5368961633,5368992270
5368994969,5369025732
5369028265,5369057642
5369061581,5369091236
5369094896,5369124385
5369128213,5369159326
5369161529,5369191483
5369194844,5369224129
5369228160,5369257590
5369261476,5369290800
5369294792,5369325699
5369328108,5369357532
5369361424,5369390785
5369394740,5369424404
5369428056,5369457500
5369461372,5369492224
5369494688,5369524281
5369528003,5369557251
5369561320,5369590731
5369594635,5369623988
5369627951,5369658664
5369661267,5369690575
5369694583,5369723931
5369727899,5369757289
5369761215,5369790649
5369794531,5369825486
5369827847,5369857178
5369861163,5369890638
5369894479,5369923849
5369927795,5369957300
5369961111,5369992981
5369994430,5370023728
5370027742,5370057235
5370061059,5370090424
5370094374,5370123744
5370127690,5370158711
5370161006,5370190516
5370194322,5370223840
5370227638,5370257244
5370260954,5370290632
5370294270,5370325508
5370327586,5370357207
5370360902,5370390552
5370394218,5370423853
5370427534,5370457102
5370460850,5370492231
5370494166,5370523860
5370527481,5370557200
5370560815,5370590641
5370594113,5370623752
5370627430,5370658841
5370660745,5370690428
5370694061,5370723685
5370727378,5370756983
5370760693,5370790277
5370794009,5370825237
5370827325,5370856919
5370860641,5370890181
5370893957,5370923383
5370927273,5370957603
5370960588,5370991641
5370993904,5371023427
5371027220,5371057401
5371060536,5371089974
5371093852,5371123285
5371127168,5371159633
5371160484,5371189993
5371193800,5371223216
5371227116,5371256494
5371260432,5371289868
5371293748,5371324618
5371327064,5371356391
5371360380,5371389675
5371393695,5371422819
5371427011,5371456179
5371460328,5371491224
5371493643,5371523055
5371526959,5371556256
5371560275,5371589620
5371593591,5371622984
5371626907,5371657808
5371660223,5371689732
5371693539,5371722857
5371726855,5371756214
5371760171,5371789483
5371793486,5371824402
5371826803,5371856294
5371860118,5371889664
5371893435,5371922810
5371926750,5371955947
5371960066,5371991994
5371993382,5372022830
5372026698,5372056185
5372060014,5372089403
5372093330,5372122728
5372126647,5372157443
5372159962,5372189367
5372193278,5372222699
5372226594,5372255922
5372259910,5372289279
5372293226,5372324005
5372326542,5372355785
5372359857,5372389274
5372393173,5372422536
5372426489,5372455910
5372459805,5372490662
5372493121,5372522553
5372526437,5372555665
5372559753,5372589152
5372593069,5372622210
5372626385,5372657150
5372659701,5372689056
5372693017,5372722352
5372726332,5372755760
5372759649,5372788940
5372792964,5372823680
5372826281,5372855694
5372859596,5372889154
5372892912,5372922355
5372926228,5372955617
5372959544,5372991396
5372992860,5373022313
5373026176,5373055451
5373059492,5373090002
5373092808,5373122134
5373126124,5373156860
5373159440,5373190203
5373192756,5373221962
5373226071,5373255445
5373259387,5373288880
5373292703,5373323574
5373326019,5373355460
5373359336,5373388620
5373392651,5373422048
5373425967,5373455312
5373459283,5373490183
5373492599,5373521922
5373525915,5373556797
5373559231,5373588486
5373592546,5373621877
5373625863,5373656881
5373659178,5373688359
5373692494,5373721625
5373725810,5373754987
5373759126,5373788354
5373792442,5373823181
5373825758,5373855074
5373859076,5373888142
5373892390,5373921680
5373925706,5373955039
5373959022,5373990889
5373992338,5374021842
5374025654,5374055143
5374058970,5374088274
5374092285,5374121504
5374125601,5374156406
5374158917,5374188295
5374192233,5374221525
5374225549,5374254891
5374258865,5374288132
5374292181,5374322973
5374325497,5374354786
5374358813,5374387921
5374392129,5374421307
5374425445,5374454581
5374458760,5374489664
5374492077,5374521208
5374525392,5374554736
5374558710,5374587827
5374592024,5374621367
5374625340,5374656234
5374658656,5374687971
5374691972,5374721255
5374725288,5374754597
5374758604,5374787921
5374791920,5374822721
5374825236,5374854506
5374858552,5374887696
5374891867,5374921242
5374925183,5374954371
5374958500,5374989477
5374991815,5375023126
5375025132,5375054471
5375058447,5375087661
5375091763,5375121847
5375125079,5375155896
5375158395,5375187877
5375191711,5375222613
5375225027,5375254386
5375258343,5375287557
5375291659,5375324033
5375324975,5375354352
5375358290,5375387475
5375391606,5375420895
5375424922,5375454262
5375458238,5375489063
5375491554,5375520910
5375524870,5375554198
5375558186,5375587450
5375591502,5375620652
5375624818,5375655612
5375658134,5375687417
5375691449,5375720730
5375724766,5375753843
5375758081,5375787471
5375791397,5375822354
5375824713,5375854028
5375858029,5375887139
5375891345,5375920584
5375924661,5375953964
5375957977,5375989905
5375991293,5376020679
5376024609,5376054114
5376057925,5376087405
5376091241,5376120609
5376124574,5376155348
5376157873,5376187067
5376191188,5376220592
5376224504,5376253767
5376257820,5376286920
5376291136,5376321883
5376324452,5376353659
5376357768,5376387116
5376391084,5376420397
5376424400,5376453697
5376457716,5376488456
5376491032,5376520383
5376524348,5376553672
5376557664,5376586821
5376590980,5376620277
5376624296,5376655094
5376657611,5376686945
5376690927,5376720387
5376724243,5376753618
5376757559,5376786888
5376790875,5376821711
5376824191,5376853749
5376857507,5376886747
5376890823,5376920250
5376924139,5376953486
5376957455,5376988267
5376990771,5377020118
5377024086,5377053295
5377057402,5377086662
5377090718,5377120045
5377124034,5377155620
5377157350,5377186720
5377190666,5377220036
5377223982,5377254140
5377257298,5377286433
5377290614,5377321566
5377323930,5377354745
5377357246,5377386442
5377390562,5377419941
5377423877,5377453435
5377457194,5377488000
5377490510,5377519803
5377523825,5377553104
5377557141,5377586307
5377590457,5377619592
5377623773,5377654863
5377657089,5377686374
5377690422,5377719851
5377723721,5377753331
5377757037,5377786372
5377790353,5377821150
5377823669,5377852950
5377856984,5377886337
5377890300,5377919645
5377923616,5377952960
5377956932,5377988635
5377990248,5378019686
5378023564,5378052992
5378056880,5378086314
5378090196,5378119602
5378123512,5378154305
5378156828,5378185983
5378190144,5378219487
5378223460,5378252844
5378256776,5378285986
5378290091,5378321117
5378323407,5378352869
5378356724,5378386071
5378390039,5378419425
5378423355,5378452733
5378456671,5378487647
5378489987,5378519395
5378523303,5378552724
5378556619,5378586097
5378589935,5378619469
5378623251,5378654214
5378656567,5378686048
5378689883,5378719340
5378723198,5378752733
5378756514,5378785861
5378789830,5378820921
5378823146,5378852608
5378856463,5378885957
5378889778,5378919214
5378923094,5378952381
5378956410,5378987348
5378989726,5379019167
5379023042,5379052385
5379056358,5379085562
5379089674,5379119169
5379122990,5379154790
5379156306,5379185944
5379189621,5379219013
5379222937,5379252432
5379256253,5379287235
5379289570,5379320873
5379322885,5379352735
5379356201,5379386736
5379389517,5379419171
5379422833,5379455138
5379456149,5379488901
5379489465,5379519119
5379522781,5379552315
5379556097,5379585457
5379589412,5379619044
5379622729,5379653829
5379656045,5379685552
5379689360,5379718930
5379722676,5379752221
5379755992,5379785389
5379789308,5379820312
5379822624,5379852213
5379855940,5379885223
5379889256,5379918786
5379922572,5379952046
5379955888,5379987948
5379989204,5380018752
5380022520,5380052383
5380055835,5380085418
5380089152,5380118663
5380122468,5380153767
5380155784,5380185174
5380189099,5380218524
5380222415,5380251932
5380255731,5380284909
5380289047,5380319871
5380322363,5380351832
5380355679,5380384920
5380388995,5380418419
5380422311,5380451753
5380455627,5380486567
5380488942,5380518442
5380522259,5380552157
5380555574,5380584990
5380588890,5380618259
5380622206,5380653160
5380655522,5380685074
5380688838,5380718116
5380722154,5380751609
5380755470,5380784861
5380788786,5380819673
5380822102,5380851600
5380855418,5380884743
5380888734,5380918257
5380922049,5380951293
5380955366,5380986111
5380988681,5381018077
5381021997,5381051453
5381055313,5381084724
5381088629,5381118004
5381121945,5381152686
5381155262,5381184601
5381188577,5381218208
5381221893,5381251492
5381255209,5381284712
5381288525,5381320796
5381321841,5381351483
5381355157,5381384516
5381388473,5381419110
5381421788,5381451279
5381455105,5381486172
5381488420,5381519454
5381521736,5381551447
5381555052,5381584621
5381588368,5381618063
5381621684,5381652759
5381655000,5381684432
5381688327,5381717704
5381721632,5381751038
5381754948,5381784362
5381788264,5381819123
5381821580,5381850888
5381854895,5381884267
5381888212,5381917770
5381921527,5381950878
5381954843,5381986841
5381988160,5382017554
5382021475,5382050846
5382054791,5382084084
5382088107,5382117376
5382121423,5382152161
5382154739,5382184103
5382188055,5382217456
5382221371,5382250932
5382254687,5382283970
5382288003,5382318767
5382321319,5382350668
5382354634,5382383883
5382387950,5382417186
5382421266,5382450735
5382454582,5382485392
5382487898,5382517343
5382521214,5382550646
5382554530,5382583687
5382587846,5382617085
5382621162,5382652170
5382654478,5382683757
5382687794,5382717133
5382721110,5382750602
5382754426,5382783765
5382787741,5382819021
5382821057,5382850703
5382854373,5382884076
5382887689,5382917295
5382921005,5382950728
5382954321,5382985525
5382987637,5383017235
5383020953,5383050692
5383054269,5383083813
5383087585,5383117220
5383120901,5383152059
5383154216,5383183808
5383187533,5383217099
5383220849,5383250382
5383254184,5383283579
5383287480,5383318533
5383320797,5383350550
5383354112,5383383600
5383387428,5383417009
5383420744,5383451199
5383454060,5383485508
5383487376,5383516967
5383520692,5383551422
5383554008,5383583191
5383587323,5383616802
5383620639,5383653107
5383653955,5383683490
5383687271,5383716629
5383720588,5383750001
5383753904,5383783205
5383787219,5383818091
5383820535,5383850241
5383853851,5383883197
5383887167,5383916547
5383920483,5383949872
5383953799,5383985666
5383987115,5384016739
5384020430,5384050063
5384053746,5384083316
5384087062,5384116558
5384120378,5384151564
5384153695,5384183417
5384187010,5384216644
5384220326,5384249884
5384253642,5384283100
5384286958,5384318045
5384320274,5384349958
5384353590,5384383303
5384386906,5384416500
5384420222,5384450000
5384453538,5384484586
5384486854,5384516481
5384520169,5384549803
5384553485,5384582987
5384586802,5384616232
5384620117,5384650978
5384653433,5384682754
5384686749,5384716013
5384720065,5384749565
5384753381,5384782794
5384786697,5384817545
5384820013,5384849490
5384853329,5384882661
5384886645,5384916159
5384919961,5384949476
5384953276,5384984218
5384986593,5385016172
5385019908,5385049573
5385053224,5385082656
5385086540,5385116015
5385119856,5385151019
5385153172,5385182735
5385186488,5385215892
5385219804,5385249596
5385253120,5385282687
5385286436,5385317406
5385319752,5385349321
5385353067,5385382633
5385386384,5385415981
5385419699,5385449243
5385453016,5385484670
5385486332,5385515787
5385519647,5385548955
5385552963,5385583853
5385586279,5385615718
5385619595,5385650534
5385652911,5385682608
5385686227,5385715616
5385719543,5385748956
5385752859,5385782260
5385786175,5385816805
5385819491,5385848815
5385852806,5385882334
5385886123,5385915601
5385919438,5385948893
5385952754,5385984727
5385986070,5386015507
5386019386,5386048768
5386052702,5386081931
5386086018,5386115256
5386119334,5386150244
5386152650,5386181783
5386185966,5386215319
5386219282,5386248602
5386252598,5386281820
5386285913,5386316854
5386319230,5386348557
5386352545,5386381826
5386385861,5386415160
5386419177,5386448596
5386452493,5386483312
5386485809,5386515396
5386519125,5386548410
5386552441,5386581788
5386585757,5386615031
5386619073,5386650020
5386652389,5386681702
5386685705,5386715060
5386719021,5386748356
5386752337,5386781763
5386785652,5386816489
5386818969,5386848217
5386852284,5386881607
5386885600,5386914978
5386918916,5386948141
5386952232,5386983136
5386985548,5387014888
5387018864,5387048145
5387052180,5387081484
5387085496,5387114652
5387118812,5387149745
5387152128,5387181475
5387185444,5387214740
5387218759,5387248000
5387252075,5387281332
5387285391,5387316185
5387318707,5387348047
5387352023,5387381299
5387385339,5387414759
5387418655,5387448006
5387451971,5387482789
5387485287,5387515621
5387518603,5387547993
5387551919,5387581121
5387585235,5387615432
5387618551,5387649427
5387651866,5387681203
5387685182,5387716059
5387718498,5387747804
5387751814,5387781150
5387785130,5387817491
5387818446,5387847914
5387851762,5387881207
5387885078,5387914463
5387918394,5387947753
5387951710,5387983588
5387985026,5388014663
5388018342,5388047815
5388051658,5388081145
5388084973,5388114375
5388118290,5388149196
5388151605,5388181152
5388184921,5388214225
5388218237,5388247542
5388251553,5388280824
5388284869,5388315812
5388318185,5388347719
5388351501,5388381063
5388384817,5388414450
5388418133,5388447620
5388451448,5388482359
5388484765,5388514134
5388518080,5388547581
5388551397,5388580819
5388584712,5388614044
5388618028,5388648886
5388651344,5388680976
5388684660,5388713955
5388717976,5388747425
5388751292,5388780672
5388784608,5388815385
5388817942,5388847323
5388851240,5388880667
5388884556,5388913986
5388917872,5388947225
5388951188,5388982111
5388984504,5389014055
5389017819,5389047503
5389051135,5389080708
5389084451,5389113947
5389117767,5389148666
5389151083,5389180540
5389184399,5389214491
5389217715,5389247027
5389251031,5389280471
5389284347,5389315258
5389317663,5389347187
5389350979,5389380531
5389384295,5389413659
5389417611,5389446935
5389450927,5389481867
5389484242,5389513628
5389517558,5389547223
5389550874,5389580365
5389584190,5389613448
5389617506,5389649518
5389650822,5389680203
5389684138,5389713576
5389717454,5389748029
5389750770,5389780244
5389784086,5389814842
5389817402,5389848273
5389850718,5389880234
5389884033,5389913287
5389917350,5389946885
5389950665,5389982638
5389983981,5390013497
5390017297,5390046756
5390050613,5390080050
5390083929,5390113170
5390117245,5390148176
5390150561,5390179916
5390183877,5390213262
5390217193,5390246494
5390250509,5390279954
5390283825,5390314512
5390317141,5390346467
5390350457,5390379818
5390383789,5390413189
5390417088,5390446309
5390450405,5390481300
5390483720,5390513009
5390517036,5390546234
5390550352,5390579749
5390583668,5390613046
5390616984,5390647901
5390650300,5390679725
5390683616,5390712883
5390716932,5390746356
5390750247,5390779671
5390783563,5390814330
5390816880,5390846327
5390850195,5390879625
5390883511,5390913002
5390916827,5390946345
5390950143,5390981216
5390983459,5391013006
5391016775,5391046079
5391050091,5391079527
5391083407,5391112983
5391116723,5391147632
5391150039,5391179572
5391183355,5391212599
5391216670,5391246090
5391249987,5391279352
5391283302,5391314266
5391316618,5391346114
5391349934,5391379262
5391383250,5391412457
5391416566,5391446073
5391449882,5391480797
5391483198,5391512738
5391516514,5391546012
5391549830,5391579171
5391583146,5391612517
5391616462,5391647386
5391649777,5391679478
5391683094,5391712705
5391716409,5391745864
5391749725,5391780444
5391783041,5391814042
5391816357,5391845822
5391849673,5391880294
5391882989,5391912386
5391916305,5391945689
5391949621,5391983016
5391982937,5392012328
5392016253,5392045764
5392049569,5392079614
5392082884,5392112264
5392116201,5392147033
5392149516,5392178768
5392182832,5392212444
5392216148,5392245533
5392249464,5392278665
5392282780,5392313651
5392316096,5392345585
5392349412,5392378864
5392382728,5392412125
5392416044,5392445485
5392449360,5392480150
5392482676,5392512079
5392515991,5392545476
5392549308,5392578768
5392582623,5392612051
5392615939,5392646601
5392649255,5392678440
5392682571,5392711978
5392715887,5392745303
5392749203,5392778321
5392782519,5392813263
5392815835,5392845196
5392849151,5392878394
5392882467,5392911858
5392915783,5392945071
5392949099,5392980050
5392982415,5393011776
5393015730,5393044920
5393049047,5393078236
5393082362,5393111729
5393115678,5393146496
5393148994,5393178277
5393182310,5393211760
5393215626,5393245109
5393248942,5393278348
5393282258,5393313091
5393315574,5393344950
5393348890,5393378212
5393382206,5393411488
5393415522,5393444931
5393448837,5393479798
5393482154,5393511508
5393515469,5393544816
5393548785,5393578057
5393582101,5393611495
5393615417,5393646247
5393648733,5393677945
5393682049,5393711451
5393715365,5393744615
5393748681,5393778140
5393781997,5393815099
5393815313,5393844606
5393848629,5393877863
5393881944,5393912106
5393915261,5393944477
5393948576,5393980267
5393981893,5394013153
5394015208,5394044885
5394048524,5394077908
5394081840,5394111432
5394115156,5394146042
5394148472,5394177874
5394181788,5394211138
5394215104,5394244445
5394248420,5394277692
5394281736,5394312622
5394315052,5394344423
5394348368,5394377745
5394381686,5394410922
5394415000,5394444312
5394448315,5394479241
5394481631,5394511073
5394514947,5394544412
5394548263,5394577636
5394581579,5394611184
5394614895,5394646108
5394648211,5394677930
5394681527,5394711148
5394714843,5394744539
5394748159,5394777651
5394781475,5394812736
5394814791,5394844401
5394848107,5394877752
5394881423,5394911052
5394914738,5394944317
5394948054,5394979306
5394981370,5395011130
5395014686,5395044338
5395048002,5395077406
5395081318,5395111002
5395114634,5395145732
5395147950,5395177576
5395181266,5395210850
5395214582,5395244095
5395247898,5395277327
5395281214,5395312290
5395314529,5395344132
5395347845,5395377335
5395381161,5395410657
5395414477,5395443991
5395447793,5395478867
5395481109,5395510694
5395514425,5395543891
5395547741,5395577063
5395581057,5395610622
5395614373,5395645500
5395647689,5395677300
5395681005,5395710706
5395714321,5395743871
5395747636,5395777266
5395780953,5395812215
5395814268,5395843863
5395847584,5395877284
5395880900,5395910569
5395914216,5395944820
5395947549,5395979483
5395980848,5396010637
5396014164,5396044771
5396047480,5396077045
5396080796,5396110390
5396114112,5396146874
5396147428,5396177172
5396180743,5396210558
5396214059,5396245120
5396247375,5396276974
5396280691,5396311764
5396314007,5396343405
5396347323,5396376696
5396380639,5396410135
5396413955,5396443470
5396447271,5396478165
5396480587,5396510132
5396513903,5396543245
5396547219,5396576820
5396580535,5396609981
5396613851,5396644541
5396647166,5396676540
5396680482,5396710046
5396713798,5396743366
5396747114,5396776423
5396780430,5396811602
5396813746,5396843267
5396847062,5396876438
5396880378,5396909921
5396913694,5396943110
5396947010,5396977910
5396980326,5397009838
5397013642,5397042892
5397046957,5397076424
5397080273,5397109570
5397113590,5397144533
5397146906,5397176215
5397180221,5397209513
5397213537,5397242954
5397246853,5397276198
5397280169,5397311017
5397313485,5397342896
5397346801,5397376021
5397380117,5397409419
5397413433,5397442846
5397446749,5397477676
5397480065,5397509410
5397513398,5397542687
5397546697,5397575891
5397580012,5397609461
5397613328,5397644140
5397646645,5397675745
5397679960,5397709404
5397713276,5397742712
5397746592,5397776040
5397779908,5397810882
5397813224,5397842608
5397846540,5397877919
5397879856,5397909068
5397913172,5397942558
5397946488,5397978783
5397979804,5398009297
5398013119,5398042636
5398046436,5398077561
5398079751,5398109144
5398113067,5398143924
5398146383,5398176230
5398179699,5398209078
5398213015,5398242428
5398246331,5398275516
5398279647,5398310528
5398312963,5398342255
5398346279,5398375601
5398379595,5398412720
5398412911,5398442348
5398446226,5398477101
5398479543,5398508920
5398512858,5398542270
5398546174,5398575570
5398579490,5398608700
5398612806,5398643659
5398646122,5398675480
5398679438,5398708778
5398712754,5398742127
5398746070,5398775312
5398779386,5398810352
5398812702,5398842064
5398846018,5398875152
5398879333,5398908662
5398912650,5398941928
5398945965,5398976874
5398979282,5399008689
5399012597,5399041900
5399045913,5399075366
5399079229,5399108559
5399112545,5399143401
5399145861,5399175290
5399179177,5399208481
5399212493,5399241791
5399245809,5399274966
5399279125,5399309984
5399312441,5399341832
5399345757,5399375081
5399379073,5399408402
5399412389,5399441878
5399445704,5399476543
5399479020,5399508463
5399512336,5399541745
5399545652,5399575028
5399578968,5399608396
5399612284,5399643310
5399645600,5399674891
5399678916,5399708415
5399712232,5399741627
5399745548,5399774954
5399778864,5399809774
5399812179,5399841668
5399845496,5399874721
5399878811,5399909594
5399912127,5399941503
5399945443,5399977214
5399978759,5400008802
5400012075,5400041432
5400045391,5400074812
5400078707,5400109663
5400112023,5400142820
5400145339,5400174587
5400178655,5400208193
5400211971,5400241272
5400245286,5400274708
5400278603,5400310582
5400311918,5400341141
5400345234,5400374537
5400378550,5400407962
5400411866,5400441097
5400445182,5400475940
5400478498,5400507876
5400511814,5400541239
5400545130,5400574563
5400578446,5400607908
5400611762,5400642596
5400645078,5400674298
5400678394,5400707646
5400711710,5400741157
5400745025,5400774367
5400778342,5400809249
5400811657,5400841055
5400844973,5400874188
5400878290,5400907644
5400911605,5400940902
5400944921,5400975564
5400978237,5401007569
5401011553,5401040929
5401044869,5401074131
5401078185,5401107475
5401111501,5401142353
5401144817,5401174126
5401178132,5401207343
5401211449,5401240862
5401244764,5401274161
5401278080,5401308871
5401311396,5401340742
5401344712,5401373888
5401378028,5401407421
5401411344,5401440829
5401444660,5401475549
5401477976,5401507459
5401511309,5401540690
5401544608,5401573819
5401577924,5401607334
5401611239,5401642076
5401644555,5401673926
5401677872,5401707237
5401711187,5401740613
5401744503,5401773891
5401777819,5401808632
5401811135,5401840487
5401844451,5401873859
5401877767,5401906985
5401911083,5401940579
5401944399,5401976427
5401977715,5402007198
5402011031,5402041394
5402044346,5402073631
5402077662,5402106929
5402110978,5402143013
5402144294,5402173624
5402177610,5402206928
5402210926,5402241636
5402244242,5402273448
5402277558,5402308382
5402310874,5402340326
5402344190,5402373535
5402377506,5402406686
5402410822,5402440201
5402444138,5402475019
5402477454,5402506808
5402510769,5402540121
5402544086,5402573360
5402577401,5402606794
5402610717,5402641596
5402644033,5402673420
5402677349,5402706735
5402710665,5402740057
5402743981,5402773441
5402777297,5402808234
5402810613,5402840066
5402843929,5402873244
5402877245,5402906369
5402910560,5402939927
5402943876,5402974702
5402977192,5403006388
5403010508,5403039883
5403043825,5403073033
5403077162,5403106559
5403110456,5403141386
5403143772,5403173123
5403177088,5403206429
5403210404,5403239709
5403243720,5403272840
5403277036,5403307951
5403310352,5403339728
5403343667,5403372975
5403376984,5403406306
5403410300,5403439704
5403443615,5403474447
5403476931,5403506149
5403510247,5403539593
5403543563,5403572843
5403576879,5403606163
5403610195,5403641024
5403643511,5403672729
5403676827,5403705986
5403710143,5403739485
5403743459,5403772799
5403776775,5403807552
5403810090,5403839447
5403843407,5403872969
5403876722,5403905992
5403910038,5403939391
5403943354,5403975744
5403976670,5404006108
5404009986,5404039546
5404043302,5404074184
5404076618,5404105963
5404109934,5404140754
5404143250,5404172822
5404176566,5404206018
5404209882,5404239192
5404243198,5404272503
5404276514,5404307145
5404309829,5404339011
5404343145,5404372423
5404376461,5404405839
5404409777,5404439115
5404443093,5404473743
5404476410,5404505841
5404509725,5404539157
5404543041,5404572484
5404576357,5404605733
5404609673,5404640542
5404642989,5404672312
5404676304,5404705553
5404709621,5404739128
5404742936,5404772252
5404776252,5404807052
5404809568,5404838988
5404842884,5404872124
5404876200,5404905596
5404909516,5404939359
5404942832,5404973679
5404976148,5405005595
5405009464,5405038677
5405042780,5405072239
5405076096,5405105437
5405109412,5405140330
5405142728,5405172060
5405176043,5405205221
5405209359,5405238803
5405242675,5405272095
5405275992,5405306830
5405309307,5405338634
5405342623,5405372022
5405375939,5405405391
5405409255,5405438693
5405442571,5405473446
5405475887,5405505294
5405509203,5405538632
5405542519,5405571787
5405575835,5405605340
5405609150,5405640073
5405642467,5405671872
5405675782,5405705211
5405709098,5405738377
5405742414,5405771810
5405775730,5405806581
5405809046,5405838403
5405842362,5405871748
5405875678,5405905164
5405908994,5405938408
5405942310,5405974204
5405975626,5406006244
5406008942,5406038385
5406042257,5406071769
5406075574,5406106657
5406108889,5406139787
5406142205,5406171558
5406175521,5406206346
5406208837,5406238302
5406242153,5406271426
5406275469,5406307854
5406308785,5406338210
5406342101,5406371479
5406375417,5406404810
5406408733,5406437959
5406442049,5406472923
5406475365,5406504661
5406508681,5406538056
5406541996,5406571366
5406575312,5406604538
5406608628,5406639568
5406641944,5406671257
5406675260,5406704639
5406708576,5406737946
5406741892,5406771340
5406775208,5406806104
5406808524,5406837969
5406841840,5406871205
5406875156,5406904540
5406908472,5406937891
5406941788,5406972809
5406975104,5407004562
5407008419,5407037793
5407041735,5407071110
5407075051,5407104430
5407108367,5407139285
5407141683,5407171097
5407174999,5407204304
5407208315,5407237771
5407241631,5407271059
5407274947,5407305770
5407308263,5407337696
5407341579,5407370943
5407374895,5407404248
5407408210,5407437711
5407441527,5407472398
5407474842,5407504287
5407508158,5407537511
5407541474,5407570800
5407574790,5407604130
5407608106,5407638944
5407641422,5407670859
5407674738,5407704141
5407708054,5407737421
5407741370,5407770745
5407774686,5407805526
5407808002,5407837324
5407841318,5407870845
5407874634,5407904071
5407907949,5407937209
5407941266,5407973231
5407974582,5408003917
5408007897,5408037604
5408041213,5408070601
5408074529,5408103941
5408107845,5408140024
5408141161,5408170620
5408174477,5408203999
5408207793,5408238295
5408241109,5408270570
5408274425,5408305297
5408307741,5408338889
5408341057,5408370620
5408374372,5408403693
5408407689,5408437711
5408441004,5408471902
5408474320,5408504124
5408507636,5408537140
5408540952,5408570452
5408574268,5408603677
5408607584,5408638393
5408640919,5408670378
5408674216,5408703523
5408707532,5408737058
5408740848,5408770212
5408774164,5408805156
5408807480,5408837024
5408840796,5408870319
5408874111,5408903565
5408907427,5408936811
5408940743,5408971685
5408974059,5409003474
5409007375,5409036680
5409040691,5409070121
5409074007,5409103373
5409107323,5409138275
5409140639,5409170078
5409173955,5409203173
5409207271,5409236677
5409240586,5409270137
5409273903,5409304788
5409307219,5409336657
5409340535,5409370153
5409373850,5409403143
5409407166,5409436642
5409440482,5409471537
5409473798,5409503040
5409507114,5409536419
5409540430,5409569909
5409573746,5409603213
5409607062,5409638016
5409640378,5409669866
5409673694,5409703116
5409707010,5409736321
5409740325,5409769762
5409773642,5409804560
5409806957,5409836302
5409840273,5409869580
5409873589,5409902997
5409906905,5409936145
5409940221,5409972349
5409973537,5410003030
5410006853,5410036338
5410040169,5410069629
5410073485,5410103021
5410106801,5410137834
5410140117,5410170990
5410173432,5410202876
5410206765,5410236206
5410240064,5410270461
5410273380,5410304318
5410306696,5410336248
5410340012,5410371028
5410373328,5410402966
5410406644,5410436190
5410439960,5410472495
5410473276,5410502758
5410506592,5410536001
5410539908,5410569167
5410573224,5410602605
5410606539,5410637633
5410639856,5410669387
5410673171,5410702689
5410706487,5410736020
5410739803,5410769878
5410773119,5410804167
5410806435,5410835908
5410839751,5410869031
5410873067,5410902595
5410906383,5410935681
5410939699,5410970649
5410973015,5411002613
5411006331,5411035961
5411039647,5411068925
5411072963,5411102472
5411106278,5411137383
5411139595,5411169115
5411172910,5411202137
5411206226,5411235660
5411239542,5411268811
5411272859,5411303757
5411306174,5411335634
5411339490,5411368819
5411372806,5411402179
5411406122,5411435519
5411439438,5411470309
5411472754,5411502039
5411506070,5411535498
5411539385,5411568536
5411572702,5411602097
5411606017,5411637346
5411639333,5411668589
5411672649,5411702110
5411705965,5411735307
5411739281,5411768611
5411772597,5411803511
5411805913,5411835154
5411839229,5411868525
5411872545,5411901829
5411905861,5411935133
5411939177,5411971002
5411972493,5412001846
5412005809,5412035300
5412039124,5412068289
5412072440,5412101787
5412105756,5412136545
5412139072,5412168269
5412172388,5412203420
5412205704,5412235051
5412239020,5412268316
5412272336,5412303796
5412305652,5412335005
5412338968,5412368174
5412372284,5412403163
5412405600,5412434871
5412438916,5412473442
5412472232,5412502145
5412505548,5412534993
5412538863,5412568253
5412572179,5412601458
5412605495,5412636056
5412638812,5412668196
5412672127,5412701528
5412705443,5412734642
5412738759,5412767917
5412772075,5412802872
5412805392,5412834707
5412838707,5412867939
5412872023,5412901449
5412905339,5412934626
5412938655,5412969541
5412971971,5413001348
5413005286,5413034609
5413038602,5413067773
5413071918,5413101236
5413105234,5413136087
5413138550,5413167958
5413171866,5413201265
5413205182,5413234564
5413238498,5413267704
5413271814,5413302621
5413305130,5413334424
5413338446,5413367587
5413371762,5413401129
5413405078,5413434413
5413438393,5413469198
5413471710,5413501031
5413505025,5413534323
5413538342,5413567500
5413571657,5413601027
5413604973,5413635777
5413638289,5413667579
5413671605,5413700934
5413704921,5413734078
5413738237,5413767429
5413771553,5413802386
5413804869,5413834173
5413838185,5413867480
5413871501,5413900861
5413904817,5413934006
5413938132,5413970104
5413971449,5414000801
5414004764,5414034187
5414038081,5414067364
5414071396,5414100897
5414104712,5414135536
5414138028,5414167426
5414171344,5414200787
5414204667,5414234293
5414237976,5414267227
5414271292,5414302224
5414304608,5414335257
5414337924,5414367336
5414371240,5414400672
5414404556,5414435030
5414437871,5414468729
5414471188,5414500596
5414504503,5414535377
5414537820,5414567042
5414571135,5414600569
5414604451,5414636802
5414637767,5414666928
5414671083,5414700422
5414704399,5414733757
5414737715,5414766955
5414771031,5414802665
5414804347,5414833713
5414837663,5414866956
5414870979,5414900269
5414904295,5414933795
5414937610,5414968876
5414970927,5415000238
5415004242,5415033674
5415037558,5415066742
5415070874,5415100230
5415104190,5415135050
5415137506,5415166927
5415170822,5415200138
5415204138,5415233397
5415237454,5415266675
5415270770,5415301611
5415304086,5415335454
5415337402,5415366722
5415370717,5415400064
5415404034,5415433453
5415437349,5415468161
5415470666,5415500110
5415503981,5415533365
5415537297,5415566621
5415570613,5415599829
5415603929,5415634581
5415637245,5415666489
5415670561,5415699970
5415703877,5415733211
5415737193,5415766828
5415770526,5415801310
5415803825,5415833211
5415837141,5415866694
5415870457,5415899766
5415903773,5415933045
5415937088,5415968952
5415970405,5415999813
5416003720,5416033203
5416037036,5416066312
5416070352,5416099717
5416103668,5416134445
5416136984,5416166218
5416170300,5416199617
5416203616,5416232963
5416236932,5416266049
5416270248,5416301114
5416303564,5416332967
5416336880,5416366233
5416370195,5416399624
5416403512,5416432883
5416436827,5416468832
5416470144,5416499320
5416503459,5416532819
5416536775,5416567056
5416570091,5416599403
5416603407,5416634276
5416636723,5416667547
5416670039,5416699209
5416703355,5416732789
5416736671,5416766241
5416769987,5416800967
5416803303,5416832669
5416836619,5416865879
5416869934,5416899590
5416903252,5416932619
5416936566,5416967594
5416969882,5416999016
5417003198,5417032685
5417036514,5417065679
5417069830,5417099163
5417103146,5417134000
5417136462,5417165601
5417169778,5417198883
5417203094,5417232529
5417236410,5417265660
5417269726,5417300547
5417303042,5417332366
5417336376,5417365497
5417369674,5417398924
5417402990,5417432197
5417436306,5417467098
5417469621,5417498911
5417502937,5417532265
5417536253,5417565420
5417569569,5417599004
5417602885,5417633838
5417636201,5417665821
5417669517,5417698741
5417702833,5417732122
5417736149,5417765518
5417769465,5417800492
5417802781,5417831990
5417836097,5417865184
5417869413,5417898769
5417902728,5417932156
5417936045,5417968131
5417969361,5417998837
5418002676,5418032131
5418035992,5418065378
5418069308,5418098506
5418102624,5418133510
5418135941,5418167295
5418169256,5418200540
5418202572,5418233845
5418235888,5418265129
5418269204,5418300084
5418302520,5418331786
5418335835,5418365067
5418369152,5418398597
5418402467,5418431814
5418435784,5418466690
5418469099,5418500075
5418502416,5418531547
5418535731,5418565004
5418569047,5418599037
5418602363,5418633292
5418635679,5418665069
5418668995,5418700090
5418702311,5418731674
5418735627,5418764913
5418768943,5418801271
5418802259,5418831607
5418835574,5418864655
5418868891,5418898060
5418902206,5418931666
5418935523,5418966354
5418968838,5418998214
5419002154,5419031455
5419035470,5419064629
5419068786,5419098375
5419102102,5419132912
5419135418,5419164772
5419168734,5419198101
5419202050,5419231453
5419235366,5419264677
5419268682,5419299520
5419301998,5419331433
5419335314,5419364399
5419368629,5419397924
5419401945,5419431407
5419435261,5419466021
5419468577,5419497930
5419501894,5419531207
5419535209,5419564520
5419568525,5419597823
5419601841,5419632661
5419635157,5419664457
5419668473,5419697836
5419701789,5419731077
5419735105,5419764367
5419768421,5419798963
5419801737,5419831090
5419835052,5419864447
5419868368,5419897623
5419901684,5419931004
5419935000,5419966816
5419968316,5419997681
5420001632,5420031154
5420034948,5420064321
5420068264,5420097679
5420101580,5420132392
5420134896,5420164074
5420168212,5420197479
5420201528,5420230970
5420234844,5420264016
5420268160,5420298766
5420301476,5420330847
5420334791,5420364041
5420368107,5420397569
5420401423,5420430728
5420434739,5420465561
5420468055,5420497348
5420501371,5420530853
5420534687,5420564156
5420568003,5420597352
5420601319,5420633442
5420634635,5420663781
5420667951,5420697188
5420701267,5420731636
5420734583,5420763717
5420767899,5420798472
5420801215,5420830575
5420834530,5420863708
5420867846,5420897206
5420901162,5420931764
5420934478,5420965202
5420967795,5420997075
5421001110,5421030476
5421034426,5421063691
5421067742,5421097009
5421101058,5421131878
5421134374,5421163648
5421167690,5421197151
5421201006,5421230400
5421234323,5421263655
5421267638,5421298499
5421300954,5421330285
5421334284,5421363397
5421367585,5421396950
5421400901,5421430265
5421434217,5421465049
5421467533,5421496783
5421500849,5421530176
5421534165,5421563377
5421567481,5421596830
5421600797,5421631642
5421634113,5421663206
5421667429,5421696810
5421700745,5421730539
5421734061,5421763288
5421767377,5421798044
5421800692,5421830079
5421834009,5421863198
5421867324,5421896713
5421900640,5421930073
5421933956,5421965959
5421967273,5421996740
5422000588,5422030008
5422033905,5422063203
5422067220,5422096510
5422100536,5422131486
5422133852,5422163278
5422167168,5422196520
5422200484,5422229931
5422233799,5422263088
5422267116,5422297907
5422300431,5422329756
5422333748,5422362903
5422367063,5422396198
5422400379,5422429586
5422433695,5422464497
5422467011,5422496292
5422500327,5422529634
5422533643,5422562897
5422566959,5422596174
5422600275,5422631138
5422633591,5422663567
5422666907,5422696235
5422700223,5422729548
5422733539,5422764369
5422766855,5422797687
5422800170,5422829548
5422833487,5422863067
5422866802,5422895936
5422900136,5422929387
5422933434,5422964696
5422966750,5422996108
5423000066,5423029297
5423033382,5423062517
5423066698,5423096078
5423100014,5423130852
5423133330,5423162512
5423166646,5423195923
5423199962,5423229236
5423233278,5423262384
5423266594,5423297408
5423299909,5423330524
5423333226,5423362658
5423366541,5423395848
5423399857,5423429217
5423433173,5423464062
5423466489,5423495781
5423499805,5423529047
5423533121,5423562401
5423566437,5423595496
5423599753,5423630527
5423633069,5423662387
5423666385,5423695722
5423699701,5423729054
5423733016,5423762334
5423766333,5423797034
5423799648,5423828802
5423832964,5423862327
5423866280,5423895529
5423899596,5423928879
5423932912,5423964713
5423966228,5423995583
5423999544,5424029050
5424032860,5424062210
5424066176,5424095524
5424099492,5424130232
5424132808,5424161978
5424166124,5424195359
5424199440,5424228804
5424232755,5424262061
5424266071,5424296779
5424299387,5424329905
5424332703,5424361918
5424366019,5424395227
5424399335,5424428424
5424432651,5424463482
5424465967,5424495247
5424499283,5424528601
5424532599,5424561951
5424565915,5424595329
5424599231,5424630094
5424632547,5424661897
5424665863,5424696318
5424699178,5424728567
5424732495,5424762600
5424765810,5424799154
5424799127,5424828468
5424832442,5424861693
5424865758,5424896571
5424899074,5424928379
5424932390,5424963275
5424965706,5424995411
5424999024,5425028397
5425032338,5425061786
5425065654,5425095216
5425098970,5425129885
5425132286,5425161554
5425165602,5425195031
5425198918,5425228128
5425232234,5425261651
5425265549,5425296518
5425298866,5425328173
5425332181,5425361673
5425365497,5425394758
5425398813,5425428249
5425432129,5425462993
5425465445,5425494747
5425498761,5425528103
5425532077,5425561516
5425565393,5425594787
5425598709,5425629568
5425632025,5425661373
5425665341,5425694683
5425698656,5425728000
5425731973,5425761366
5425765288,5425796209
5425798605,5425827926
5425831920,5425861611
5425865236,5425894406
5425898552,5425927760
5425931868,5425963876
5425965184,5425994636
5425998500,5426027919
5426031816,5426061375
5426065132,5426094412
5426098448,5426129315
5426131764,5426161173
5426165080,5426194202
5426198395,5426227756
5426231712,5426261140
5426265027,5426295908
5426298343,5426327628
5426331659,5426361131
5426364975,5426394483
5426398291,5426427510
5426431607,5426462587
5426464923,5426494062
5426498239,5426527528
5426531555,5426560911
5426564871,5426594257
5426598187,5426629066
5426631503,5426660972
5426664819,5426694119
5426698134,5426727667
5426731450,5426760828
5426764766,5426795663
5426798082,5426828723
5426831398,5426860752
5426864714,5426894242
5426898031,5426928679
5426931346,5426962160
5426964662,5426994101
5426997978,5427028768
5427031294,5427060609
5427064610,5427093992
5427097926,5427130340
5427131241,5427160502
5427164558,5427193929
5427197873,5427227227
5427231189,5427260571
5427264505,5427295375
5427297821,5427327386
5427331137,5427360540
5427364453,5427393770
5427397769,5427427139
5427431085,5427462015
5427464401,5427493827
5427497717,5427527326
5427531033,5427560291
5427564348,5427593577
5427597665,5427628535
5427630980,5427660406
5427664297,5427694278
5427697612,5427726946
5427730928,5427760208
5427764244,5427795154
5427797560,5427826830
5427830876,5427860192
5427864192,5427893536
5427897508,5427926941
5427930824,5427962614
5427964141,5427993787
5427997456,5428026954
5428030772,5428060268
5428064087,5428093542
5428097404,5428128073
5428130720,5428160039
5428164036,5428193354
5428197352,5428226920
5428230667,5428259963
5428263983,5428294706
5428297299,5428326959
5428330615,5428360131
5428363931,5428393373
5428397247,5428426498
5428430563,5428461486
5428463897,5428493126
5428497195,5428526448
5428530510,5428559798
5428563826,5428593153
5428597142,5428628014
5428630459,5428659683
5428663774,5428693052
5428697090,5428726584
5428730406,5428759485
5428763722,5428794562
5428797038,5428826435
5428830354,5428859978
5428863670,5428893131
5428896986,5428926453
5428930302,5428962692
5428963618,5428993139
5428996933,5429026249
5429030249,5429061155
5429063566,5429093227
5429096881,5429127863
5429130198,5429161140
5429163513,5429193117
5429196829,5429226172
5429230145,5429259645
5429263461,5429294452
5429296777,5429326267
5429330093,5429359447
5429363409,5429392703
5429396725,5429426261
5429430041,5429460991
5429463357,5429492814
5429496673,5429526237
5429529988,5429559634
5429563305,5429592799
5429596620,5429627601
5429629937,5429659388
5429663252,5429692716
5429696568,5429726168
5429729884,5429759538
5429763200,5429794503
5429796516,5429826268
5429829832,5429859693
5429863148,5429893152
5429896464,5429926185
5429929780,5429961817
5429963096,5429992924
5429996412,5430026186
5430029748,5430059320
5430063044,5430092713
5430096359,5430127834
5430129675,5430159328
5430162991,5430192639
5430196307,5430225902
5430229623,5430259054
5430262939,5430294347
5430296255,5430325685
5430329571,5430358856
5430362887,5430392385
5430396203,5430425454
5430429519,5430460724
5430462835,5430492296
5430496151,5430525861
5430529466,5430558818
5430562782,5430592400
5430596098,5430627389
5430629414,5430658981
5430662730,5430692217
5430696046,5430725511
5430729362,5430758688
5430762678,5430793842
5430795994,5430825580
5430829310,5430858603
5430862626,5430892188
5430895941,5430925425
5430929258,5430960364
5430962573,5430992154
5430995890,5431025331
5431029205,5431058530
5431062522,5431092833
5431095837,5431126888
5431129153,5431158672
5431162469,5431192960
5431195785,5431225256
5431229101,5431258711
5431262417,5431295144
5431295733,5431325412
5431329049,5431358671
5431362365,5431393423
5431395681,5431424996
5431428996,5431460105
5431462313,5431491930
5431495628,5431525294
5431528944,5431558455
5431562261,5431591816
5431595576,5431626618
5431628892,5431658366
5431662208,5431691896
5431695524,5431725034
5431728840,5431758166
5431762156,5431793194
5431795472,5431824805
5431828788,5431858255
5431862104,5431891605
5431895419,5431925000
5431928736,5431960539
5431962051,5431991830
5431995368,5432025160
5432028683,5432058455
5432061999,5432091741
5432095315,5432126593
5432128631,5432158241
5432161947,5432191825
5432195263,5432224822
5432228579,5432258131
5432261895,5432292840
5432295211,5432324845
5432328527,5432357929
5432361843,5432391438
5432395158,5432424669
5432428474,5432459520
5432461791,5432491338
5432495106,5432524444
5432528422,5432557927
5432561738,5432591162
5432595054,5432625937
5432628370,5432657627
5432661686,5432691155
5432695002,5432724471
5432728318,5432757675
5432761634,5432792683
5432794950,5432824387
5432828266,5432857714
5432861582,5432891118
5432894897,5432924272
5432928213,5432959004
5432961530,5432990949
5432994845,5433024536
5433028161,5433057567
5433061477,5433090894
5433094793,5433126693
5433128109,5433157461
5433161425,5433190898
5433194741,5433225272
5433228057,5433257466
5433261373,5433292309
5433294689,5433325514
5433328005,5433357392
5433361321,5433390722
5433394637,5433424172
5433427952,5433458619
5433461269,5433490584
5433494584,5433524035
5433527900,5433557131
5433561216,5433590659
5433594532,5433625479
5433627848,5433657284
5433661164,5433690632
5433694480,5433723795
5433727796,5433757071
5433761112,5433792092
5433794428,5433823917
5433827744,5433857144
5433861060,5433890508
5433894376,5433923817
5433927691,5433959583
5433961008,5433990541
5433994323,5434023822
5434027650,5434057044
5434060955,5434090422
5434094271,5434125346
5434127587,5434157172
5434160903,5434190318
5434194219,5434223861
5434227535,5434256980
5434260851,5434291778
5434294167,5434323660
5434327483,5434356801
5434360799,5434390075
5434394115,5434423699
5434427430,5434458474
5434460747,5434490169
5434494062,5434523613
5434527378,5434556931
5434560694,5434590129
5434594010,5434625133
5434627326,5434656977
5434660642,5434690030
5434693958,5434723537
5434727274,5434757032
5434760590,5434791628
5434793906,5434823440
5434827222,5434856620
5434860538,5434890017
5434893854,5434923348
5434927170,5434958033
5434960486,5434990179
5434993801,5435023359
5435027117,5435056488
5435060433,5435090008
5435093749,5435124777
5435127065,5435156666
5435160381,5435190041
5435193697,5435223383
5435227013,5435257591
5435260329,5435291461
5435293645,5435323099
5435326961,5435357336
5435360277,5435390023
5435393593,5435423315
5435426909,5435459748
5435460225,5435489577
5435493540,5435523353
5435526856,5435557976
5435560173,5435589509
5435593507,5435624439
5435626804,5435656079
5435660120,5435689605
5435693436,5435722732
5435726752,5435756153
5435760068,5435791118
5435793384,5435822876
5435826700,5435856315
5435860016,5435889488
5435893332,5435924615
5435926647,5435958098
5435959963,5435989347
5435993280,5436022996
5436026595,5436056244
5436059912,5436089208
5436093227,5436124064
5436126543,5436155942
5436159859,5436189317
5436193175,5436222396
5436226491,5436255687
5436259807,5436290774
5436293123,5436322682
5436326439,5436355916
5436359755,5436389349
5436393071,5436422316
5436426386,5436457355
5436459703,5436489235
5436493019,5436522264
5436526334,5436555958
5436559650,5436589263
5436592966,5436623935
5436626283,5436655951
5436659598,5436689197
5436692914,5436722605
5436726230,5436755580
5436759546,5436790656
5436792862,5436823897
5436826178,5436855428
5436859494,5436888846
5436892810,5436922305
5436926126,5436956839
5436959442,5436988637
5436992758,5437022399
5437026073,5437055367
5437059389,5437088767
5437092705,5437123761
5437126021,5437155585
5437159357,5437189167
5437192653,5437222112
5437225969,5437255513
5437259285,5437291553
5437292601,5437321806
5437325917,5437355261
5437359233,5437389686
5437392549,5437421924
5437425865,5437456684
5437459181,5437490221
5437492497,5437521974
5437525812,5437555090
5437559128,5437588585
5437592444,5437623435
5437625760,5437655345
5437659076,5437688459
5437692392,5437721949
5437725708,5437755009
5437759024,5437790050
5437792340,5437821674
5437825656,5437854983
5437858972,5437888521
5437892288,5437921746
5437925604,5437957528
5437958920,5437988468
5437992236,5438021726
5438025551,5438055019
5438058867,5438088604
5438092183,5438123289
5438125499,5438154936
5438158815,5438188435
5438192131,5438221679
5438225447,5438254826
5438258763,5438290117
5438292079,5438321529
5438325395,5438354759
5438358711,5438388316
5438392027,5438421718
5438425343,5438456311
5438458659,5438488193
5438491975,5438521497
5438525290,5438554656
5438558606,5438588276
5438591922,5438623118
5438625238,5438654760
5438658554,5438687947
5438691870,5438721283
5438725186,5438754701
5438758502,5438789414
5438791818,5438821216
5438825134,5438854620
5438858450,5438887749
5438891766,5438921421
5438925082,5438956077
5438958398,5438987968
5438991714,5439021035
5439025030,5439054672
5439058346,5439088005
5439091661,5439122628
5439124977,5439154414
5439158293,5439187605
5439191609,5439221152
5439224925,5439254184
5439258241,5439289033
5439291557,5439321229
5439324873,5439354389
5439358189,5439387540
5439391505,5439422039
5439424821,5439455900
5439458137,5439487577
5439491453,5439522090
5439524769,5439554261
5439558084,5439587501
5439591401,5439623943
5439624717,5439653944
5439658033,5439687500
5439691348,5439722287
5439724664,5439753846
5439757980,5439788815
5439791296,5439820948
5439824612,5439854052
5439857928,5439887535
5439891244,5439920845
5439924560,5439956357
5439957876,5439987376
5439991192,5440020821
5440024508,5440053899
5440057824,5440087266
5440091140,5440122029
5440124455,5440154197
5440157772,5440187308
5440191087,5440220581
